"小说","魔幻/奇幻/玄幻","https:item['book_img']","魔戒"," J.R.R.托尔金 ","上海人民出版社","2013-09","141"
"小说","惊悚/恐怖","https:item['book_img']","百鬼夜行-阴"," 京极夏彦 ","上海人民出版社","2018-07","38.6"
"小说","社会","https:item['book_img']","愤怒的葡萄"," 约翰·斯坦贝克 ","太白文艺出版社","2019-01","34.1"
"小说","科幻小说","https:item['book_img']","双星"," 罗伯特·海因莱因 ","上海文艺出版社","2019-05","42"
"小说","宫廷","https:item['book_img']","帝台娇（套装上下册）"," 纳兰初晴 ","重庆出版社","2015-03","41.8"
"小说","中国古典小说","https:item['book_img']","东周列国志注释"," 冯梦龙 ","西苑出版社","2016-04","36.8"
"小说","港澳台小说","https:item['book_img']","寂寞的游戏"," 袁哲生 ","北京联合出版公司","2017-09","28.5"
"小说","港澳台小说","https:item['book_img']","秀才的手表"," 袁哲生 ","北京联合出版公司","2017-09","29.6"
"小说","军事","https:item['book_img']","亮剑（舒适阅读版）"," 都梁 ","北京联合出版公司","2017-08","32.1"
"小说","都市","https:item['book_img']","万千人海里，幸好遇见你"," 嵇振颉 ","台海出版社","2017-11","19.3"
"小说","都市","https:item['book_img']","南加州从来不下雨"," 吴越 ","江苏凤凰文艺出版社","2018-06","24.7"
"小说","惊悚/恐怖","https:item['book_img']","镇墓兽. 2, 金匕首"," 蔡骏 ","四川文艺出版社","2018-05","30.2"
"小说","乡土","https:item['book_img']","小荷才露尖尖角"," 刘绍棠 ","北京十月文艺出版社","2018-05","26.3"
"小说","乡土","https:item['book_img']","豆棚瓜架雨如丝"," 刘绍棠 ","北京十月文艺出版社","2018-05","24"
"小说","科幻小说","https:item['book_img']","人类灭绝"," 高野和明 ","江苏凤凰文艺出版社","2018-08","69.9"
"小说","中国近现代小说","https:item['book_img']","城南旧事"," 林海音 ","四川文艺出版社","2019-01","23.4"
"小说","中国近现代小说","https:item['book_img']","呼兰河传"," 萧红 ","中国友谊出版公司","2018-12","23.3"
"小说","外国小说","https:item['book_img']","东野圭吾：毕业"," 东野圭吾 ","南海出版公司","2019-03","37.1"
"小说","穿越/重生/架空","https:item['book_img']","孽凰（套装共2册）"," 云哲 ","重庆出版社","2014-06","39.6"
"小说","四大名著","https:item['book_img']","水浒传（全新点校版）"," 施耐庵 ","三秦出版社","2016-12","40"
"小说","中国当代小说","https:item['book_img']","围城（平装）"," 钱钟书 ","人民文学出版社","2017-06","26.3"
"小说","军事","https:item['book_img']","大崩溃（舒适阅读版）"," 都梁 ","北京联合出版公司","2017-09","35.5"
"小说","中国当代小说","https:item['book_img']","黄金时代"," 王小波 ","北京十月文艺出版社","2017-04","24.7"
"小说","四大名著","https:item['book_img']","西游记（全本典藏版）"," 吴承恩 ","三秦出版社","2017-04","60.7"
"小说","惊悚/恐怖","https:item['book_img']","迦梨之歌"," 丹·西蒙斯 ","江苏凤凰文艺出版社","2018-06","49.9"
"小说","社会","https:item['book_img']","鼠疫"," 果麦文化 出品；[法]加缪 ","天津人民出版社","2018-08","33.8"
"小说","都市","https:item['book_img']","捕心者：心理医生见闻录"," 秦江 ","当代世界出版社","2018-09","28.8"
"小说","都市","https:item['book_img']","战无不胜的汪小姐"," 肥肥安 ","江苏凤凰文艺出版社","2018-10","24.7"
"小说","都市","https:item['book_img']","不过神仙和没事妖怪"," 静岛 ","广西师范大学出版社","2019-02","26.8"
"小说","中国当代小说","https:item['book_img']","倾城之恋"," 张爱玲 ","北京十月文艺出版社","2019-03","37.1"
"小说","武侠","https:item['book_img']","古龙·欢乐英雄（套装全2册）"," 古龙 ","文汇出版社","2019-04","129"
"小说","乡土","https:item['book_img']","边城（附DVD光盘1张）"," 沈从文 ","湖北长江出版集团","2012-04","21"
"小说","惊悚/恐怖","https:item['book_img']","异域密码之印度异闻录"," 羊行屮 ","九州出版社","2014-12","28.7"
"小说","宫廷","https:item['book_img']","匣心记（套装全4册）"," 伍倩 ","江苏凤凰文艺出版社","2016-09","138"
"小说","宫廷","https:item['book_img']","月小似眉弯1：人间风月"," 白落梅 ","湖南文艺出版社","2017-03","23.3"
"小说","宫廷","https:item['book_img']","月小似眉弯2：一梦华胥"," 白落梅 ","湖南文艺出版社","2017-05","23.3"
"小说","宫廷","https:item['book_img']","月小似眉弯3：惊世倾城"," 白落梅 ","湖南文艺出版社","2017-05","23.3"
"小说","惊悚/恐怖","https:item['book_img']","尸语者（新版）"," 法医秦明 ","湖南文艺出版社","2017-10","33.6"
"小说","军事","https:item['book_img']","兵王之王（套装1-5册)"," 七品 ","三辰影库音像出版社","2018-02","136.8"
"小说","魔幻/奇幻/玄幻","https:item['book_img']","七日永恒"," 马克·李维 ","湖南文艺出版社","2018-07","39.5"
"小说","乡土","https:item['book_img']","浮云半书（1-2）（共2册）"," 李惟七 ","中国致公","2014-10","33.92"
"小说","四大名著","https:item['book_img']","三国演义（环保文艺版）"," 罗贯中 ","三秦出版社","2016-12","46.9"
"小说","宫廷","https:item['book_img']","台上青衣浑似我"," 行行渐远 ","上海社会科学院出版社","2017-04","26.8"
"小说","军事","https:item['book_img']","狼烟北平（舒适阅读版）"," 都梁 ","北京联合出版公司","2017-09","29.8"
"小说","中国古典小说","https:item['book_img']","镜花缘【果麦经典】"," 李汝珍 ","三秦出版社","2017-04","40.7"
"小说","中国当代小说","https:item['book_img']","红岩"," 罗广斌 ","中国青年出版社","2017-09","26.7"
"小说","中国当代小说","https:item['book_img']","风起陇西：新版"," 马伯庸 ","湖南文艺出版社","2017-12","35.5"
"小说","科幻小说","https:item['book_img']","太空漫游四部曲"," 阿瑟·克拉克 ","上海文艺出版社","2019-06","299"
"小说","军事","https:item['book_img']","血色浪漫(舒适阅读版)"," 都梁 ","北京联合出版公司","2017-09","29.7"
"小说","四大名著","https:item['book_img']","西游记（套装上下册）"," 吴承恩 ","人民文学出版社","1980-05","29.8"
"小说","中国近现代小说","https:item['book_img']","边城（纪念典藏版）"," 沈从文 ","武汉出版社","2013-09","21.9"
"小说","穿越/重生/架空","https:item['book_img']","凤逆苍穹3魂兮归来"," 路非 ","江苏文艺出版社","2014-04","29.2"
"小说","军事","https:item['book_img']","战争与回忆（全2册）"," 赫尔曼·沃克 ","湖南文艺出版社","2016-01","64.1"
"小说","宫廷","https:item['book_img']","历史的另一半：嗜血的凤冠"," 李怀安 ","浙江人民出版社","2017-06","24.1"
"小说","中国近现代小说","https:item['book_img']","狂人日记：鲁迅小说集"," 鲁迅 ","海南出版社","2017-01","19.3"
"小说","中国当代小说","https:item['book_img']","余华作品：兄弟（新版）"," 余华 ","作家出版社","2017-09","49"
"小说","中国近现代小说","https:item['book_img']","骆驼祥子（插图本）"," 老舍 ","人民文学出版社","2016-01","20.4"
"小说","宫廷","https:item['book_img']","后宫·褒姒传（套装共3册）"," 飞刀叶 ","中国友谊出版公司","2016-06","69.8"
"小说","都市","https:item['book_img']","如果事与愿违就相信一定另有安排"," 宋筱白 ","九州出版社","2016-10","27.5"
"小说","中国当代小说","https:item['book_img']","长安十二时辰（下）"," 马伯庸 ","湖南文艺出版社","2017-01","33.6"
"小说","宫廷","https:item['book_img']","梨花错（套装上下册）"," 胭脂水 ","上海社会科学院出版社","2017-04","58.5"
"小说","都市","https:item['book_img']","在时间的荒野上—青衫落拓"," 青衫落拓 ","长江文艺出版社","2017-10","24.8"
"小说","外国小说","https:item['book_img']","契诃夫短篇小说集"," 契诃夫 ","黑龙江科学技术出版社","2018-03","31.1"
"小说","中国当代小说","https:item['book_img']","迟子建：候鸟的勇敢"," 迟子建 ","人民文学出版社","2018-04","30.2"
"小说","中国近现代小说","https:item['book_img']","沈从文：边城"," 沈从文 ","北京十月文艺出版社","2008-07","29.6"
"小说","科幻小说","https:item['book_img']","八十天环游地球"," 儒勒·凡尔纳 ","江苏凤凰文艺出版社","2019-01","39"
"小说","魔幻/奇幻/玄幻","https:item['book_img']","守望先锋：第一卷"," 美国暴雪娱乐 ","新星出版社","2019-03","65.4"
"小说","都市","https:item['book_img']","贾平凹长篇小说典藏大系：高兴"," 贾平凹 ","安徽文艺出版社","2010-09","27"
"小说","乡土","https:item['book_img']","贾平凹长篇小说典藏大系：秦腔"," 贾平凹 ","安徽文艺出版社","2010-09","31.5"
"小说","乡土","https:item['book_img']","贾平凹长篇小说典藏大系：妊娠"," 贾平凹 ","安徽文艺出版社","2010-09","16.5"
"小说","乡土","https:item['book_img']","贾平凹长篇小说典藏大系：土门"," 贾平凹 ","安徽文艺出版社","2010-09","18.7"
"小说","港澳台小说","https:item['book_img']","四大名捕会京师（套装全2卷）"," 温瑞安 ","作家出版社","2012-11","59"
"小说","军事","https:item['book_img']","刘猛作品集:我是特种兵之火凤凰"," 刘猛 ","北京联合出版公司","2015-01","34.8"
"小说","都市","https:item['book_img']","穿PRADA的女魔头（纪念版）"," 劳伦·魏丝伯格 ","中信出版集团","2015-10","27.5"
"小说","都市","https:item['book_img']","不喧哗 自有声"," 这么远那么近 ","北京联合出版公司","2016-04","30.9"
"小说","外国小说","https:item['book_img']","东野圭吾：白夜行（2017版）"," 东野圭吾 ","南海出版公司","2017-07","44.7"
"小说","中国当代小说","https:item['book_img']","余华作品：世事如烟 （新版）"," 余华 ","作家出版社","2017-10","25"
"小说","魔幻/奇幻/玄幻","https:item['book_img']","黑暗的左手"," 厄休拉·勒古恩 ","北京联合出版公司","2017-12","45"
"小说","魔幻/奇幻/玄幻","https:item['book_img']","迷宫森林"," 梅利莎·阿尔伯特 ","百花洲文艺出版社","2018-05","21"
"小说","科幻小说","https:item['book_img']","天堂的喷泉(精装)"," 阿瑟·克拉克 ","四川科学技术出版社","2018-10","32.2"
"小说","科幻小说","https:item['book_img']","城市与群星(精装)"," 阿瑟·克拉克 ","四川科学技术出版社","2018-10","26.8"
"小说","惊悚/恐怖","https:item['book_img']","阴阳师典藏合集（套装全5册）"," 梦枕貘 ","南海出版公司","2014-01","111.8"
"小说","侦探/悬疑/推理","https:item['book_img']","东野圭吾：解忧杂货店"," 东野圭吾 ","南海出版公司","2014-08","27.9"
"小说","侦探/悬疑/推理","https:item['book_img']","东野圭吾：祈祷落幕时"," 东野圭吾 ","南海出版公司","2015-01","29.6"
"小说","中国近现代小说","https:item['book_img']","文学名著·经典译林：边城"," 沈从文 ","译林出版社","2015-10","17.6"
"小说","侦探/悬疑/推理","https:item['book_img']","东野圭吾：圣女的救济"," 东野圭吾 ","南海出版公司","2017-01","33.8"
"小说","都市","https:item['book_img']","押沙龙，押沙龙！"," 威廉.福克纳 ","中国出版集团,现代出版社","2017-06","27.4"
"小说","侦探/悬疑/推理","https:item['book_img']","东野圭吾：盛夏方程式"," 东野圭吾 ","南海出版公司","2018-11","44.3"
"小说","侦探/悬疑/推理","https:item['book_img']","东野圭吾：超杀人事件"," 东野圭吾 ","南海出版公司","2019-07","37.1"
"小说","侦探/悬疑/推理","https:item['book_img']","东野圭吾：侦探伽利略"," 东野圭吾 ","南海出版公司","2019-04","37.1"
"小说","四大名著","https:item['book_img']","水浒传（上下册）"," 施耐庵 ","人民文学出版社","1997-01","31.6"
"小说","乡土","https:item['book_img']","贾平凹长篇小说典藏大系：高老庄"," 贾平凹 ","安徽文艺出版社","2010-09","21.7"
"小说","中国近现代小说","https:item['book_img']","文学名著：四世同堂"," 老舍 ","北京十月文艺出版社","2012-07","28.1"
"小说","港澳台小说","https:item['book_img']","四大名捕外传方邪真故事：破阵"," 温瑞安 ","作家出版社","2012-12","30"
"小说","穿越/重生/架空","https:item['book_img']","大唐明月（套装全6册）"," 蓝云舒 ","上海文艺出版社","2013-01","160.8"
"小说","惊悚/恐怖","https:item['book_img']","驱魔人(精装）"," 威廉·彼得·布拉蒂 ","北京时代华文书局","2015-08","58"
"小说","穿越/重生/架空","https:item['book_img']","法老的宠妃（2）：荷鲁斯之眼"," 悠世 ","长江出版社","2015-06","14.4"
"小说","侦探/悬疑/推理","https:item['book_img']","东野圭吾:红手指(2016版)"," 东野圭吾 ","南海出版公司","2016-02","29.6"
"小说","侦探/悬疑/推理","https:item['book_img']","东野圭吾:新参者(2016版)"," 东野圭吾 ","南海出版公司","2016-02","29.6"
"小说","中国近现代小说","https:item['book_img']","四世同堂（套装上下册）"," 老舍 ","人民文学出版社","2016-01","42.3"
"小说","乡土","https:item['book_img']","阿来山珍三部·精装版（套装共3册）"," 阿来 ","人民文学出版社","2016-08","96"
"小说","军事","https:item['book_img']","最强特种兵套装（套装全四册）"," 丛林狼 ","北京联合出版公司","2016-12","109.5"
"小说","中国近现代小说","https:item['book_img']","四世同堂（足本珍藏版）"," 老舍 ","天津人民出版社","2017-07","67.6"
"小说","惊悚/恐怖","https:item['book_img']","闪灵/斯蒂芬·金作品系列"," 斯蒂芬·金 ","人民文学出版社","2017-09","55"
"小说","中国当代小说","https:item['book_img']","余华作品：我胆小如鼠（新版）"," 余华 ","作家出版社","2017-10","25"
"小说","四大名著","https:item['book_img']","三国演义（插图典藏版）（上下）"," 罗贯中 ","作家出版社","2018-02","31.7"
"小说","都市","https:item['book_img']","在不经意的年纪，遇见更好的自己"," 安雨 ","中国友谊出版公司","2018-09","31.8"
"小说","都市","https:item['book_img']","深深爱意，敬请查收（套装上下册）"," 洛丽 ","中国华侨出版社","2018-10","55.8"
"小说","军事","https:item['book_img']","刀尖1 阳面+刀尖2 阴面（套装共2册）"," 麦家 ","人民文学出版社","2018-10","118"
"小说","军事","https:item['book_img']","茅盾文学奖获奖作品全集：将军吟"," 莫应丰 ","人民文学出版社","2019-01","37.9"
"小说","外国小说","https:item['book_img']","摆渡人3无境之爱"," 克莱儿·麦克福尔 ","百花洲文艺出版社","2019-04","46"
"小说","惊悚/恐怖","https:item['book_img']","阴阳师·醍醐卷（梦枕貘新作）"," 梦枕貘 ","南海出版公司","2019-06","36.8"
"小说","社会","https:item['book_img']","人鼠之间"," 果麦文化 出品；约翰·斯坦贝克 ","江西人民出版社","2019-04","32"
"小说","惊悚/恐怖","https:item['book_img']","阴阳师·天鼓卷（梦枕貘新作）"," 梦枕貘 ","南海出版公司","2019-06","36.8"
"小说","惊悚/恐怖","https:item['book_img']","阴阳师·萤火卷（梦枕貘新作）"," 梦枕貘 ","南海出版公司","2019-06","36.8"
"小说","军事","https:item['book_img']","刘猛作品集:我是特种兵：利刃出鞘"," 刘猛 ","北京联合出版公司","2015-07","34.8"
"小说","侦探/悬疑/推理","https:item['book_img']","东野圭吾:时生（2015版）"," 东野圭吾 ","南海出版公司","2015-07","29.6"
"小说","魔幻/奇幻/玄幻","https:item['book_img']","魔兽世界：黑暗之潮"," 艾伦˙罗森伯格 ","新星出版社","2019-03","35.4"
"小说","港澳台小说","https:item['book_img']","大唐李白（二）·凤凰台"," 张大春 ","广西师范大学出版社","2014-07","27.5"
"小说","侦探/悬疑/推理","https:item['book_img']","东野圭吾：名侦探的守则"," 东野圭吾 ","南海出版公司","2017-01","29.6"
"小说","魔幻/奇幻/玄幻","https:item['book_img']","悟空传（典藏纪念版）"," 今何在 ","北京联合出版公司","2017-05","26.7"
"小说","武侠","https:item['book_img']","古龙经典·绝代双骄（共四册）（热血版）"," 古龙 ","文汇出版社","2017-09","246"
"小说","武侠","https:item['book_img']","古龙经典·七种武器（共四册）（热血版）"," 古龙 ","文汇出版社","2017-09","232"
"小说","武侠","https:item['book_img']","金庸 射雕英雄传 六十周年京东纪念版套装"," 金庸 ","广州出版社","2017-12","234.7"
"小说","穿越/重生/架空","https:item['book_img']","异世流放.5 发展九原部落"," 易人北 ","世界知识出版社","2017-09","22.6"
"小说","惊悚/恐怖","https:item['book_img']","斯蒂芬·金系列：宠物公墓"," 斯蒂芬·金 ","上海文艺出版社","2017-12","45"
"小说","侦探/悬疑/推理","https:item['book_img']","东野圭吾：幻夜（精装）"," 东野圭吾 ","南海出版公司","2018-05","44.7"
"小说","魔幻/奇幻/玄幻","https:item['book_img']","持剑者心伤（京东签名版）"," 朱炫 ","湖南文艺出版社","2018-07","42.1"
"小说","侦探/悬疑/推理","https:item['book_img']","东野圭吾：学生街的日子"," 东野圭吾 ","南海出版公司","2018-10","37.1"
"小说","社会","https:item['book_img']","名著名译精装：好兵帅克历险记"," 雅·哈谢克 ","人民文学出版社","2018-08","45"
"小说","社会","https:item['book_img']","窄门"," 果麦文化 出品；[法] ","天津人民出版社","2018-11","31"
"小说","侦探/悬疑/推理","https:item['book_img']","东野圭吾：名侦探的咒缚"," 东野圭吾 ","南海出版公司","2018-11","33.8"
"小说","侦探/悬疑/推理","https:item['book_img']","东野圭吾：只差一个谎言"," 东野圭吾 ","南海出版公司","2019-06","37.1"
"小说","港澳台小说","https:item['book_img']","金庸作品集：碧血剑（套装上下册）"," 金庸 ","广州出版社","2009-09","67.5"
"小说","乡土","https:item['book_img']","博集典藏馆：呼兰河传（插图珍藏本）"," 萧红 ","湖南文艺出版社","2011-05","15.2"
"小说","侦探/悬疑/推理","https:item['book_img']","东野圭吾：嫌疑人X的献身"," 东野圭吾 ","南海出版公司","2014-06","26.2"
"小说","侦探/悬疑/推理","https:item['book_img']","东野圭吾：宿命（2014版）"," 东野圭吾 ","南海出版公司","2014-07","24"
"小说","四大名著","https:item['book_img']","红楼梦注释（足本原著无障碍阅读）"," 曹雪芹 ","西苑出版社","2016-04","44.3"
"小说","四大名著","https:item['book_img']","西游记注释（足本原著无障碍阅读）"," 吴承恩 ","西苑出版社","2016-04","33.8"
"小说","侦探/悬疑/推理","https:item['book_img']","东野圭吾：变身（2016版）"," 东野圭吾 ","南海出版公司","2016-08","26.3"
"小说","四大名著","https:item['book_img']","水浒传注释（足本原著无障碍阅读）"," 施耐庵 ","西苑出版社","2016-04","36.8"
"小说","中国近现代小说","https:item['book_img']","风声鹤唳（纪念典藏版）"," 林语堂 ","湖南文艺出版社","2016-08","20.2"
"小说","中国当代小说","https:item['book_img']","余华作品：在细雨中呼喊（新版）"," 余华 ","作家出版社","2017-09","33"
"小说","中国当代小说","https:item['book_img']","余华作品：许三观卖血记（新版）"," 余华 ","作家出版社","2017-09","32"
"小说","中国当代小说","https:item['book_img']","余华作品：黄昏里的男孩（新版）"," 余华 ","作家出版社","2017-11","26"
"小说","乡土","https:item['book_img']","边城（现当代长篇小说典藏插图本）"," 沈从文 ","长江文艺出版社","2017-10","18.8"
"小说","外国小说","https:item['book_img']","莫泊桑短篇小说集"," ［法］莫泊桑 ","黑龙江科学技术出版社","2018-03","29.3"
"小说","中国近现代小说","https:item['book_img']","边城 虎雏 沈从文无删节"," 沈从文  ","民主与建设","2014-12","24.8"
"小说","职场","https://img13.360buyimg.com/n7/jfs/t22303/68/515175717/82580/cb253758/5b100582N1a51f0fe.jpg","对手全5册12345套装 官术作者姜远方著 一部极具政治智慧的长篇小说政商官场小说运途问"," 姜远方 ","二十一世纪出版社集团","2017-02","200"
"小说","职场","https://img11.360buyimg.com/n7/jfs/t1/31242/15/1140/384720/5c46d027E6894214b/c99dfb7d95382efe.jpg","3册中标 阁策 新书职场小说+成交的秘密+销售心理学  媲美输赢的商战小说搭配市场营销销售书籍"," 阁策 "," 四川人民出版社","2014-12","114"
"小说","财经","https://img11.360buyimg.com/n7/jfs/t18571/109/47366866/54071/102d9a5b/5a59baefNaaa26137.jpg","套装 奋斗者：侯沧海商路笔记1+2 共2册 小桥老树著 商战版侯卫东官场笔记兄弟篇 商人创业"," 小桥老树  ","民主与建设出版社","2014-12","62.8"
"小说","财经","https://img11.360buyimg.com/n7/jfs/t19906/320/1159887552/371911/bfa0b76a/5b1621d8Ne4ebd304.jpg","金牌投资人套装全3册 杨旭文/ 张俪领衔主演 湖南卫视热播剧《金牌投资人》原著小说 财经小说"," 龙在宇  ","湖南文艺出版社","2017-12","68"
"小说","职场","https://img13.360buyimg.com/n7/jfs/t1/51186/3/1687/372574/5cf734d1E75b0e090/32f263c40bcd1586.jpg","绝对笑喷之弃业医生日志（英国半年狂销100万册，丁香园鼎力推荐！6年221篇男妇科大夫私密日记）"," 亚当·凯 ","北京时代华文书局","2019-05","39.2"
"小说","财经","https://img14.360buyimg.com/n7/jfs/t1/68384/30/652/462175/5cede6dbEa218d79a/dcdff4ad78f9c6d1.jpg","最后一个金融大鳄2（带你识破金融大鳄操纵市场、内幕交易、利益输送的教科书式小说）(读客知识小说文库）"," 邓荣栋 ","海南出版社","2019-06","56"
"小说","财经","https://img13.360buyimg.com/n7/jfs/t1/12068/12/607/209996/5c0a2a10Efe8c2b06/d5cd6731c79af4ff.jpg","奋斗者 侯沧海商路笔记1+2+3 共三册民企的商路传奇奋斗史小说书籍官场笔记职场小说民企教父成功励志"," 小桥老树 ","民主与建设出版社","2014-12","135"
"小说","职场","https://img12.360buyimg.com/n7/jfs/t1/975/7/4338/253262/5b9b23d6E6a2549c5/653f0328d7104cdb.jpg","祝酒词大全祝酒词集锦敬酒词口才书籍商务社交际职场说话的艺术餐桌饭桌酒桌上的礼仪主持酒文化说话技巧的书"," 清风 ","中国华侨出版社","2010-11","59.8"
"小说","官场","https://img12.360buyimg.com/n7/jfs/t1/3184/3/9390/319503/5bac45d4E7942c037/bf33d9f9228be560.jpg","官场三部曲：官场现形记+儒林外史+老残游记（了解官场必读的经典）（套装共4册 插图珍藏版）"," 李宝嘉 ","浙江文艺出版社","2018-10","186"
"小说","历史","https://img11.360buyimg.com/n7/jfs/t2401/225/1438053658/437063/c073adbc/5657f5ffN2046ca52.jpg","【正版包邮】红顶商人 胡雪岩全传 全集6册 高阳无删减版 长篇历史小说 胡雪岩经商智慧传记 书籍"," 高阳 ","文汇出版社","2014-12","148"
"小说","历史","https://img13.360buyimg.com/n7/jfs/t4522/173/3172068613/141061/4079a812/58f72cf0N0cdc3f46.jpg","胡雪岩全传套装共6册 红顶商人胡雪岩全套高阳珍藏版大全集 胡雪岩商道书籍历史小说红顶商人胡雪岩传"," 高阳 ","江苏文艺出版社","2016-01","359.4"
"小说","历史","https://img11.360buyimg.com/n7/jfs/t12805/60/2282123829/387388/26ab5008/5a38b251N1c205cef.jpg","大秦帝国全套全6部11卷全新修订版孙皓晖版中国通史现当代原版历史长篇经典名著小说读物近十热播剧"," 孙皓晖  ","上海人民出版社","2016-10","598"
"传记","自传","https://img12.360buyimg.com/n7/jfs/t4576/272/1802830831/291229/5fc1765/58e7096dN544555de.jpg","海伦·凯勒自传 我生活的故事（经典无删节版图文美绘双语典藏）/海量阅读海外名著系列"," 海伦·凯勒 ","江西人民出版社","2017-02","42"
"艺术","篆刻","https://img12.360buyimg.com/n7/jfs/t25948/64/1882095286/317638/154e28fd/5bbe4c00Nc404c838.jpg","正版 启功体硬笔书法技法训练楷书 名家书法技法 文阿禅编著 启功硬笔楷书字帖 启功钢笔"," 文阿禅 ","岭南美术出版社","2009-09","26.8"
"艺术","篆刻","https://img10.360buyimg.com/n7/jfs/t17077/164/1143673152/360794/feafda26/5abb16b7Nc8f4cbbb.jpg","正版 启功体《道德经》钢笔行书字帖 文阿禅编著 启功体钢笔字帖丛书 岭南美术出版社 硬"," 文阿禅 ","岭南美术出版社","2011-10","38"
"艺术","篆刻","https://img10.360buyimg.com/n7/jfs/t835/97/1098975894/16337/89f89eae/557136d6N9a292d9e.jpg","包邮现货 中国书法简史 王镛 美术书法专业本专科 高师高专教材 高等教育出版社 两种封面随机发"," 王镛 ","高等教育出版社","2004-02","38.8"
"艺术","篆刻","https://img10.360buyimg.com/n7/jfs/t17338/357/1036124860/183452/69bda3e0/5ab76a3aN8a3cfeff.jpg","【3本套装】启功体硬笔书法技法训练 草书 行书 楷书 速成基本笔画间架结构偏旁部首 文阿禅"," 文阿禅 ","岭南美术出版社","2014-12","96"
"艺术","篆刻","https://img10.360buyimg.com/n7/jfs/t6586/96/2667037015/24297/c48039e8/5965de56N5f8d2310.jpg","现货 中国书法简史 王镛 等教育出版社 中国书法史 美术简史 中国汉字书法美术史 美术书法专业本专科"," 王镛 ","高等教育出版社","2004-02","31.6"
"艺术","篆刻","https://img13.360buyimg.com/n7/jfs/t24700/240/1050152431/222109/17e58997/5b876aeeNbc167b3a.jpg","启功书法字帖全集全3册 草书+行书+楷书 文阿禅著 启功硬笔钢笔书法作品 启功体硬笔书法技法训练"," 文阿禅 ","岭南美术出版社","2018-08","72.8"
"传记","自传","https://img13.360buyimg.com/n7/jfs/t1/15053/17/2724/248002/5c208007E6250782e/2c2ccce7231e82c1.jpg","奥黛丽·赫本传 有些风华，只属于一个年代，而有些美丽，却可以成为经典。奥黛丽?赫本诞辰90周年纪念"," 艾米 ","台海出版社","2018-10","48.8"
"艺术","篆刻","https://img12.360buyimg.com/n7/jfs/t30268/230/706986203/12333/249b5746/5bfcab0aNed0aa034.jpg","中国硬笔书法字典 庞中华主编 实用楷书行书隶书草书篆魏繁体成人书法速成字帖钢笔字帖 书法字帖书籍"," 庞中华 ","辽宁人民出版社","2015-07","42.8"
"艺术","篆刻","https://img11.360buyimg.com/n7/jfs/t1/31224/23/5165/118983/5c83168bE7cbaf37c/b2e7fa32860e8584.jpg","粉笔字教程及板书书写技法 高师院校粉笔字书写技能训练教材老师字帖黑板贴练习教程粉笔字帖教师 训练"," 王明军 ","吉林文史出版社","2017-09","18.2"
"艺术","篆刻","https://img14.360buyimg.com/n7/jfs/t1/2604/20/8590/358623/5ba9d561E451fe95b/2079d5cd6993f73a.jpg","中国书法大全 书法技法一本通毛笔颜真卿欧阳询赵孟俯楷书行书草书篆书隶书毛笔字帖书法基础教程教图书籍"," 方鸣 ","中国华侨出版社","2014-12","15.8"
"传记","自传","https://img12.360buyimg.com/n7/jfs/t19483/265/267703832/388415/504ce8b1/5a6835f6Nab4bd256.jpg","卡内基自传（2018新版精装，完整全译本，与《林肯传》《富兰克林自传》《洛克菲勒自传》并称美国四大传记）"," 安德鲁.卡内基 ","中国友谊出版公司","2018-01","38.4"
"艺术","篆刻","https://img10.360buyimg.com/n7/jfs/t2158/195/1364271731/39496/121ada6e/56a43db2Nae77dd81.jpg","学生楷书实用字帖趣味成语接龙  钢笔字帖成人行书练字帖 硬笔书法临摹练字贴中小学生行楷书字帖 散文诗"," 田英章 ","湖北美术出版社","2016-01","9.9"
"传记","自传","https://img10.360buyimg.com/n7/jfs/t18883/261/596410944/634623/504e8048/5a9a5352Na0dc363f.jpg","文学名家名著：美国四大传记：富兰克林自传+林肯传+卡内基自传+洛克菲勒自传（套装共4册）"," 本杰明.富兰克林 ","中国友谊出版公司","2013-11","77.6"
"艺术","动画","https://img14.360buyimg.com/n7/jfs/t832/304/18222520/706152/af68bd1c/54e19ebeN0c8d9b5d.jpg","BJD娃娃的秘密（赠：韩国娃社sadol礼包8k海报+明信片6张，附赠BJD娃娃连衣裙、草帽纸样）"," 清水baby ","中国青年出版社","2014-08","63"
"艺术","动画","https://img12.360buyimg.com/n7/jfs/t1/82806/25/141/433482/5ce3b4e0Eed9abc06/4a20031b1356ff4c.jpg","现货【赠明信片】马男波杰克：幕后艺术集  解密全球热播的黑色幽默动画 艺术影视动画制作书"," 阿依慕 ","太白文艺出版社","2019-06","82"
"艺术","设计","https://img11.360buyimg.com/n7/jfs/t2794/339/3773208952/249525/3aa57ba6/57982754N7a140a77.jpg","平面设计中的网格系统：平面设计.字体编排和空间设计的视觉传达设计手册-W"," 约瑟夫·米勒-布罗克曼 ","上海人民美术出版社","2016-07","50.7"
"艺术","设计","https://img14.360buyimg.com/n7/jfs/t1/11188/27/10035/138104/5c7c755bE2c2e9e26/0ae9d520b9e40ec0.jpg","基础造型系列教材套装（色彩+平面+立体+光迹 共4册）三大构成 朝仓直巳 现代美术艺术设计平面专业教材书籍"," 朝仓直巳 ","江苏凤凰科学技术出版社","2019-02","227.4"
"艺术","影视","https://img13.360buyimg.com/n7/jfs/t1141/249/261437953/1838296/5a2cd7ef/5510cc30N71b71bc0.jpg","吉尔莫·德尔·托罗的奇思妙想：我的私人笔记、收藏品和其他爱好"," 吉尔莫·德尔·托罗 ","中国长安出版社","2015-03","166.9"
"艺术","影视","https://img13.360buyimg.com/n7/jfs/t1/71336/22/3081/187118/5d14394dE50fa7e9a/57fa1fe46c7a14c5.jpg","电影学院·大师镜头：斯科塞斯篇+斯皮尔伯格篇+昆汀篇(套装共3册)"," 克里斯托弗·肯沃西（Christopher ","文化发展出版社","2019-06","89.6"
"艺术","雕塑","https://img11.360buyimg.com/n7/jfs/t2749/281/3833291009/205255/60dd410d/5799de7dN720d5e9e.jpg","根雕书籍 根雕制作技法(修订版) 汪传龙中国根艺雕刻艺术 关于木工根雕欣赏的制作书木工雕刻"," 汪传龙 ","安徽科学技术出版社","2011-01","46"
"艺术","雕塑","https://img12.360buyimg.com/n7/jfs/t5059/290/651945401/284129/9fbf671/58e60325Nd240973d.jpg","雕塑技法:实用教程 美术教材 雕塑技法实用教程 （法）菲利浦·沙祖特 贝利特"," 菲利浦·沙祖特贝利特·希尔德王戈译 ","广西美术出版社","2017-02","90.9"
"艺术","影视","https://img11.360buyimg.com/n7/jfs/t5932/4/8621551991/252715/35c288a5/598987d1N09af1705.jpg","悉德·菲尔德经典剧作教程(电影剧本写作基础(修订版)+电影剧作问题攻略+电影编剧创(套装共3册)"," 悉德·菲尔德（Sid ","北京联合出版社","2016-12","92.8"
"艺术","建筑","https://img12.360buyimg.com/n7/jfs/t4606/319/2921283190/188767/c5387e3b/58f4717bN8371c670.png","造房子 王澍  房屋构造原理图纸图集 建筑设计书 精装四色印刷 建筑构造绘图识图制图书籍 正版"," 王澍  ","湖南美术出版社","2016-08","37.5"
"童书","0-2岁","https://img13.360buyimg.com/n7/jfs/t1/8719/35/8012/52055/5c08ed3cEaf91bf13/d1c1f2179c65933b.jpg","读小库《风暴过后》逻辑认知幽默图画集，帮助小朋友了解“之前”与“之后”0-3岁幼儿启蒙认知绘本"," 读库 ","新星出版社","2016-01","48"
"童书","绘本","https://img10.360buyimg.com/n7/jfs/t21736/87/1064862922/200228/ff2ad5fc/5b1f8145N1939105a.jpg","3-6岁行为习惯养成绘本：我会爱自己（情绪管理篇 套装共6册）学会自我保护，懂得自我管理"," 苏珊·阿本哈德 ","青岛出版社","2018-06","93.1"
"童书","绘本","https://img11.360buyimg.com/n7/jfs/t1/21195/12/3319/149515/5c25f58bE5f9eced6/e4e5076b3a6a240f.jpg","2018-2019届国际安徒生奖SPA绘本：狐狸和兔子（战胜内心恐惧，拒绝霸凌）"," 俄罗斯 ","云南科技出版社","2019-01","83.6"
"法律","刑法","https://img12.360buyimg.com/n7/jfs/t1/9399/12/6499/263237/5be1696cE6380f929/b21ace1fa114c54e.jpg","图解立案证据定罪量刑标准与法律适用套装（第十二版 套装共5册）"," 《最新执法办案实务丛书》编写组 ","中国法制出版社","2018-10","360"
"童书","绘本","https://img11.360buyimg.com/n7/jfs/t16921/311/1105208274/413876/d785be7/5abc7bb2Nd17f1ad8.jpg","美国心理学会儿童情绪管理与性格培养绘本(第12辑):幸福力情商培养（套装共8册 ）"," 布兰达.S.迈尔斯博士等 ","化学工业出版社","2016-08","84.8"
"童书","绘本","https://img13.360buyimg.com/n7/jfs/t25648/351/1884991353/444866/a90fed11/5be3f2c6N2a6b8f8d.jpg","可爱的物理（全8册 重力、摩擦力、浮力、声音、磁铁、热的传递、水的状态、弹性与弹力-恐龙小Q）"," 谢茹 ","北京日报出版社","2018-06","67.5"
"童书","绘本","https://img10.360buyimg.com/n7/jfs/t1/18509/14/3440/299421/5c26d0c7E0bc441ba/3cde4fe31955c0ff.jpg","看！不一样的爸爸（献给爸爸和孩子的共读礼物，让爸爸不再缺席亲子时光 套装6册）"," 加利·帕森斯 ","浙江工商大学出版社","2019-01","273.6"
"法律","刑法","https://img11.360buyimg.com/n7/jfs/t7813/107/1980561000/217752/ddbaba4c/59a5065dN4c40838d.jpg","2019年3月新刑法一本通第14版+2018年版刑事诉讼法一本通第13版全2册第十四版刑法总成法律书"," 刘志伟 ","法律出版社","2017-07","83"
"法律","商法","https://img10.360buyimg.com/n7/jfs/t13162/107/1725995707/82301/453e1e4e/5a275afcN37b1d33c.jpg","商法通论（第六版）/新编21世纪法学系列教材·“普通高等教育十一五”国家级规划教材"," 赵中孚 ","中国人民大学出版社","2017-11","48.1"
"法律","民法","https://img14.360buyimg.com/n7/jfs/t5776/274/9039318977/20421/ce23778c/59818593Nd1646282.jpg","包邮26省 2017年新版专利审查指南(2010)(精)修订版 专利审查指南2018 国家知识产*局"," 中国国家知**** ","知识产权出版社","2017-06","135"
"法律","民法","https://img13.360buyimg.com/n7/g15/M00/10/1F/rBEhWVJmUhUIAAAAAAnR4tBE11kAAEcqwOYqB8ACdH6808.jpg","新版“律师业务必备”丛书：婚姻家庭纠纷案件律师业务（最新修订版）"," 贾明军 ","法律出版社","2013-09","101.1"
"法律","商法","https://img12.360buyimg.com/n7/jfs/t13612/310/1270340027/268914/afbd9daa/5a1e204eN6cd531dd.jpg","现货2019新版 公司法学（修订本） 朱锦清 企业法律知识百科全书 资产负债合并购收购 法律常识书籍"," 朱锦清 ","清华大学出版社","2019-05","141"
"法律","商法","https://img13.360buyimg.com/n7/jfs/t1882/159/1787799930/286406/b0d8aecc/566fafc5Ne78a3890.jpg","最高人民法院关于保险法司法解释（三）关联适用指引"," 《最高人民法院关于保险法司法解释关联适用指引》编写组 ","中国法制出版社","2015-12","56.7"
"童书","绘本","https://img13.360buyimg.com/n7/jfs/t23500/70/1221793096/155451/70ac24de/5b55a2e8N6db0adc0.jpg","3-6岁儿童自我保护绘本（精装全5册）：自我保护意识绘本4本+家长指导用书1本"," 德达柯玛尔·盖斯勒 ","辽宁人民出版社","2018-07","151.2"
"法律","商法","https://img11.360buyimg.com/n7/jfs/t1/31505/40/6090/163224/5c8b6f1cE7b52b1c4/04b82cbd899290a9.jpg","2019新版类似商品和服务区分表 基于尼斯分类第十一版2019文本 国家知识产权局商标局"," 国家知识产权局商标局 ","知识产权出版社","2014-12","80"
"童书","绘本","https://img12.360buyimg.com/n7/jfs/t16528/63/2519686016/684554/50c4ad4a/5ab1f9a7N9bb5a59b.jpg","小猪佩奇主题绘本第二辑·套装共5册（在阅读的实践中教孩子懂得感恩，学会爱的表达）"," 英国快乐瓢虫出版公司 ","安徽少年儿童出版社","2018-04","95"
"童书","绘本","https://img10.360buyimg.com/n7/jfs/t1/36176/40/11243/765819/5d0b4d48E0c7e5ba3/4d4062552bc75256.jpg","生活情景认知启蒙双语绘本：忙碌的贝尔熊系列合辑（开启孩子英语启蒙的精品绘本 全10册）"," 斯特拉.布拉克斯通 ","中国人口出版社","2019-07","188.1"
"童书","绘本","https://img11.360buyimg.com/n7/jfs/t20809/54/1042880321/372400/923c0550/5b1e11fdNd5288ef2.jpg","幼儿科普启蒙 全6册（物理认知、化学认知、生活认知、动物认知、植物认知、自然与环境-恐龙小Q）"," 杨立朋 ","五洲传播出版社","2018-06","39.2"
"法律","民法","https://img12.360buyimg.com/n7/jfs/t1/21308/6/9325/157827/5c7ddac4E728352d3/71a9b6f02fdb5051.jpg","知识产权法教程（第六版）（21世纪民商法学系列教材；第八届全国高校出版社优秀畅销书一等奖；上海市"," 王迁 ","中国人民大学出版社","2019-01","51"
"法律","刑法","https://img12.360buyimg.com/n7/jfs/t18388/316/2627252803/122839/f39832ab/5b03bcb6N55d7d4e7.jpg","刑法案例分析（总则）（第三版）/新编21世纪法学系列教材·“十二五”普通高等教育本科国家级规划教材"," 黄京平 ","中国人民大学出版社","2018-05","40.6"
"法律","刑法","https://img14.360buyimg.com/n7/jfs/t5830/40/1725868031/20989/5e183bc3/59291836N802b7f5f.jpg","中华人民共和国刑法注释本+2019年2月中华人民共和国刑事诉讼法注释本组合2册 含监察法法律法规书籍"," 法律出版社法规中心 ","法律出版社","2014-12","33"
"法律","民法","https://img13.360buyimg.com/n7/jfs/t25747/219/268815497/241617/9c7745d7/5b6a7cadNed27c1f2.jpg","【中法图】正版 8本套王泽鉴民法研究天龙八部债法原理侵权行为不当得利人格权法民法总则民法思维物权概要"," 王泽鉴 ","北京大学出版社","2014-12","330"
"法律","商法","https://img10.360buyimg.com/n7/jfs/t1/58610/30/2597/93848/5d07555bE6da65cb9/fa8de99c7146614d.jpg","正版书籍 公司法学（修订本）朱锦清 公司法学教材资产负债收购常识民商法学劳动法学社会保障法学企业法"," 朱锦清 ","清华大学出版社","2019-05","128"
"法律","民法","https://img10.360buyimg.com/n7/jfs/t22594/217/1847047202/337701/2624c924/5b6a7fd1N76fd48ef.jpg","【中法图】9本套 王泽鉴民法研究九阳真经债法原理侵权行为不当得利人格权法民法总则思维物权概要损害赔偿"," 王泽鉴 ","北京大学出版社","2009-12","380"
"童书","绘本","https://img10.360buyimg.com/n7/jfs/t1/20965/29/12480/464442/5c9991a8Ec9f75f1a/168643dfe3ba45d5.jpg","3-6岁行为习惯养成绘本：我会爱自己（行为习惯篇 套装共6册）教孩子自我保护与良好习惯"," 苏珊·阿本哈德 ","青岛出版社","2019-04","90.2"
"法律","刑法","https://img11.360buyimg.com/n7/jfs/t5635/242/3666812116/137171/6125a7cf/5940e539N9d1453b8.jpg","中国刑事审判指导案例6（增订第3版 危害国防利益罪·贪污贿赂罪·渎职罪·军人违反职责罪）"," 最高人民法院刑事审判一至五庭主办 ","法律出版社","2017-04","109"
"法律","商法","https://img14.360buyimg.com/n7/jfs/t1/19264/36/13804/443791/5ca1d248E55d2b91c/dc1ec49cf143df6e.jpg","现货2019文本 类似商品和服务区分表 基于尼斯分类 第十一版 尼斯分类表商标分类工商管理书籍"," 国家知识产权局商标局 ","知识产权出版社","2019-03","80"
"法律","刑法","https://img12.360buyimg.com/n7/jfs/t6217/102/512780330/138471/1e74e5cf/5940e533N4362a693.jpg","中国刑事审判指导案例2(增订第3版 危害国家安全罪 危害公共安全罪 侵犯公民人身权利 民主权利罪)"," 最高人民法院刑事审判一至五庭主办 ","法律出版社","2017-04","137"
"法律","民法","https://img10.360buyimg.com/n7/jfs/t2782/354/1317527713/606352/d63b3eca/573ae18fN0676b051.jpg","司法解释理解与适用丛书：最高人民法院关于买卖合同司法解释理解与适用（条文·释义·理由·案例）"," 最高人民法院民事审判第二庭 ","人民法院出版社","2016-02","77.4"
"童书","绘本","https://img12.360buyimg.com/n7/jfs/t7810/55/1865205920/471674/eb6063d4/59a376c1Ne61b0cae.jpg","德国精选科学图画书（肚子里有个火车站+牙齿大街的新鲜事+皮肤国的大麻烦 套装3册 扫二维码听春天姐姐讲故事）"," 安娜·鲁斯曼 ","北京科学技术出版社","2017-06","104"
"童书","绘本","https://img10.360buyimg.com/n7/jfs/t26293/236/1339301201/310304/2e9692a/5bc6ca63N5d640862.jpg","走进奇妙的科学（全8册 二十四节气、电、货币、天然气，自来水、生活垃圾、牛奶、棉织品的奇妙科学-恐龙小Q）"," 恐龙小Q儿童教育中心 ","五洲传播出版社","2017-08","60"
"小说","港澳台小说","https:item['book_img']","四大名捕战天王：风流（套装2册）"," 温瑞安 ","作家出版社","2012-11","59"
"医学","药学","https://img14.360buyimg.com/n7/jfs/t21952/80/223753926/93988/cf63de9c/5b04f367N77d6b5a7.jpg","国家抗微生物治疗指南（第二版）"," 国家卫生计生委医政医管局 ","人民卫生出版社","2017-08","32.9"
"医学","药学","https://img10.360buyimg.com/n7/jfs/t3115/334/7397125640/335622/ef3d8316/58b6665aN0eac7d7c.jpg","【正版授权】中华人民共和国药典（2015年版）一部 二部 三部 四部全套四本 中国药典"," 国家药典委员会 ","中国医药科技出版社","2015-07","1875"
"家居","宠物","https://img13.360buyimg.com/n7/jfs/t2602/243/2274094866/76415/33b38daa/575fbe7dN262e33d5.jpg","猫咪家庭医学大百科 养猫训猫 动物医学 养猫百科全书指南 宠物猫科学喂养书籍 猫咪"," 陈千雯林政毅 ","电子工业出版社","2016-05","66.5"
"家居","宠物","https://img12.360buyimg.com/n7/jfs/t6022/236/5947732779/280648/d558aa08/596f4c7fNd134a5d4.jpg","3本 育猫全书+猫语大辞典+猫咪家庭医学大百科 养猫书籍 养猫的书 喂养完全指南 疾病防治"," 格尔德·路德维希 "," 北京联合出版公司","2017-06","149"
"医学","药学","https://img10.360buyimg.com/n7/jfs/t2038/170/1535142679/115368/944625e6/56651cbaN0034b87e.jpg","质量控制实验室与物料系统（药品GMP指南） 中国医药科技出版社直销 正版现货"," 国家食品药品监督管理局药品认证管理中心 ","中国医药科技出版社","2014-12","179.2"
"家居","宠物","https://img10.360buyimg.com/n7/jfs/t4885/37/2435229455/308187/e0b7ab9c/59000c5cN239ee977.jpg","3本 如何训练小狗+狗狗学问大+读懂狗狗的心里话 宠物犬家庭护理美容 养狗书籍 训狗教程书"," 金润贞 ","机械工业出版社","2016-12","108"
"小说","中国古典小说","https:item['book_img']","世说新语详解（套装全2册）"," 刘义庆 ","上海古籍出版社","2013-06","46"
"小说","魔幻/奇幻/玄幻","https:item['book_img']","魔兽世界编年史：第一卷"," 克里斯·梅森 ","新星出版社","2016-07","106.8"
"小说","武侠","https:item['book_img']","古龙经典·第一辑（套装共17册）（热血版）"," 古龙 ","文汇出版社","2017-09","999"
"小说","中国近现代小说","https:item['book_img']","红岩+城南旧事"," 罗广斌 ","中国青年出版社","2018-03","53.6"
"小说","外国小说","https:item['book_img']","东野圭吾四大推理套装（共4册）"," 东野圭吾 ","南海出版公司","2018-05","119.3"
"小说","惊悚/恐怖","https:item['book_img']","极地恶灵（套装全2册）"," 丹·西蒙斯 ","江苏凤凰文艺出版社","2018-06","128"
